s.no,CVE,pacakage name,function,description about the function,Exploit availability,,,
1,[CVE-2021-25946](https://cve.mitre.org/cgi-bin/cvename.cgi?name=CVE-2021-25946),nconf-toml,parse(),,public,https://cve.mitre.org/cgi-bin/cvename.cgi?name=,https://cve.mitre.org/cgi-bin/cvename.cgi?name=[CVE-2021-25946](https://cve.mitre.org/cgi-bin/cvename.cgi?name=CVE-2021-25946),[CVE-2021-25946](https://cve.mitre.org/cgi-bin/cvename.cgi?name=CVE-2021-25946) [CVE-2021-25945](https://cve.mitre.org/cgi-bin/cvename.cgi?name=CVE-2021-25945) [CVE-2021-25944](https://cve.mitre.org/cgi-bin/cvename.cgi?name=CVE-2021-25944) [CVE-2021-25943](https://cve.mitre.org/cgi-bin/cvename.cgi?name=CVE-2021-25943) [CVE-2021-25941](https://cve.mitre.org/cgi-bin/cvename.cgi?name=CVE-2021-25941) [CVE-2021-25928](https://cve.mitre.org/cgi-bin/cvename.cgi?name=CVE-2021-25928) [CVE-2021-25927](https://cve.mitre.org/cgi-bin/cvename.cgi?name=CVE-2021-25927) [CVE-2021-25915](https://cve.mitre.org/cgi-bin/cvename.cgi?name=CVE-2021-25915) [CVE-2021-25914](https://cve.mitre.org/cgi-bin/cvename.cgi?name=CVE-2021-25914) [CVE-2021-25913](https://cve.mitre.org/cgi-bin/cvename.cgi?name=CVE-2021-25913) [CVE-2021-25912](https://cve.mitre.org/cgi-bin/cvename.cgi?name=CVE-2021-25912) [CVE-2021-23329](https://cve.mitre.org/cgi-bin/cvename.cgi?name=CVE-2021-23329) [CVE-2020-8268](https://cve.mitre.org/cgi-bin/cvename.cgi?name=CVE-2020-8268) [CVE-2020-8158](https://cve.mitre.org/cgi-bin/cvename.cgi?name=CVE-2020-8158) [CVE-2020-8147](https://cve.mitre.org/cgi-bin/cvename.cgi?name=CVE-2020-8147) [CVE-2020-28442](https://cve.mitre.org/cgi-bin/cvename.cgi?name=CVE-2020-28442) [CVE-2020-7771](https://cve.mitre.org/cgi-bin/cvename.cgi?name=CVE-2020-7771) [CVE-2020-7768](https://cve.mitre.org/cgi-bin/cvename.cgi?name=CVE-2020-7768) [CVE-2020-7766](https://cve.mitre.org/cgi-bin/cvename.cgi?name=CVE-2020-7766) [CVE-2020-7737](https://cve.mitre.org/cgi-bin/cvename.cgi?name=CVE-2020-7737) [CVE-2020-7736](https://cve.mitre.org/cgi-bin/cvename.cgi?name=CVE-2020-7736) [CVE-2020-7727](https://cve.mitre.org/cgi-bin/cvename.cgi?name=CVE-2020-7727) [CVE-2020-7725](https://cve.mitre.org/cgi-bin/cvename.cgi?name=CVE-2020-7725) [CVE-2020-7724](https://cve.mitre.org/cgi-bin/cvename.cgi?name=CVE-2020-7724) [CVE-2020-7723](https://cve.mitre.org/cgi-bin/cvename.cgi?name=CVE-2020-7723) [CVE-2020-7722](https://cve.mitre.org/cgi-bin/cvename.cgi?name=CVE-2020-7722) [CVE-2020-7721](https://cve.mitre.org/cgi-bin/cvename.cgi?name=CVE-2020-7721) [CVE-2020-7720](https://cve.mitre.org/cgi-bin/cvename.cgi?name=CVE-2020-7720) [CVE-2020-7719](https://cve.mitre.org/cgi-bin/cvename.cgi?name=CVE-2020-7719) ) [CVE-2020-7717](https://cve.mitre.org/cgi-bin/cvename.cgi?name=CVE-2020-7717) [CVE-2020-7716](https://cve.mitre.org/cgi-bin/cvename.cgi?name=CVE-2020-7716) [CVE-2020-7714](https://cve.mitre.org/cgi-bin/cvename.cgi?name=CVE-2020-7714) [CVE-2020-7713](https://cve.mitre.org/cgi-bin/cvename.cgi?name=CVE-2020-7713) [CVE-2020-7704](https://cve.mitre.org/cgi-bin/cvename.cgi?name=CVE-2020-7704) [CVE-2020-7703](https://cve.mitre.org/cgi-bin/cvename.cgi?name=CVE-2020-7703) [CVE-2020-7702](https://cve.mitre.org/cgi-bin/cvename.cgi?name=CVE-2020-7702) [CVE-2020-7701](https://cve.mitre.org/cgi-bin/cvename.cgi?name=CVE-2020-7701) [CVE-2020-7700](https://cve.mitre.org/cgi-bin/cvename.cgi?name=CVE-2020-7700) [CVE-2020-7679](https://cve.mitre.org/cgi-bin/cvename.cgi?name=CVE-2020-7679) [CVE-2020-7643](https://cve.mitre.org/cgi-bin/cvename.cgi?name=CVE-2020-7643) [CVE-2020-7637](https://cve.mitre.org/cgi-bin/cvename.cgi?name=CVE-2020-7637) [CVE-2020-7600](https://cve.mitre.org/cgi-bin/cvename.cgi?name=CVE-2020-7600) [CVE-2020-28503](https://cve.mitre.org/cgi-bin/cvename.cgi?name=CVE-2020-28503) [CVE-2020-28499](https://cve.mitre.org/cgi-bin/cvename.cgi?name=CVE-2020-28499) [CVE-2020-28495](https://cve.mitre.org/cgi-bin/cvename.cgi?name=CVE-2020-28495) [CVE-2020-28480](https://cve.mitre.org/cgi-bin/cvename.cgi?name=CVE-2020-28480) [CVE-2020-28283](https://cve.mitre.org/cgi-bin/cvename.cgi?name=CVE-2020-28283) [CVE-2020-28282](https://cve.mitre.org/cgi-bin/cvename.cgi?name=CVE-2020-28282) [CVE-2020-28281](https://cve.mitre.org/cgi-bin/cvename.cgi?name=CVE-2020-28281) [CVE-2020-28280](https://cve.mitre.org/cgi-bin/cvename.cgi?name=CVE-2020-28280) [CVE-2020-28279](https://cve.mitre.org/cgi-bin/cvename.cgi?name=CVE-2020-28279) [CVE-2020-28277](https://cve.mitre.org/cgi-bin/cvename.cgi?name=CVE-2020-28277) [CVE-2020-28276](https://cve.mitre.org/cgi-bin/cvename.cgi?name=CVE-2020-28276) [CVE-2020-28274](https://cve.mitre.org/cgi-bin/cvename.cgi?name=CVE-2020-28274) [CVE-2020-28273](https://cve.mitre.org/cgi-bin/cvename.cgi?name=CVE-2020-28273) [CVE-2020-28272](https://cve.mitre.org/cgi-bin/cvename.cgi?name=CVE-2020-28272) [CVE-2020-28271](https://cve.mitre.org/cgi-bin/cvename.cgi?name=CVE-2020-28271) [CVE-2020-28269](https://cve.mitre.org/cgi-bin/cvename.cgi?name=CVE-2020-28269) [CVE-2020-28268](https://cve.mitre.org/cgi-bin/cvename.cgi?name=CVE-2020-28268) [CVE-2020-28267](https://cve.mitre.org/cgi-bin/cvename.cgi?name=CVE-2020-28267) [CVE-2020-15256](https://cve.mitre.org/cgi-bin/cvename.cgi?name=CVE-2020-15256) [CVE-2020-26245](https://cve.mitre.org/cgi-bin/cvename.cgi?name=CVE-2020-26245) [CVE-2019-10793](https://cve.mitre.org/cgi-bin/cvename.cgi?name=CVE-2019-10793) [CVE-2019-10792](https://cve.mitre.org/cgi-bin/cvename.cgi?name=CVE-2019-10792) [CVE-2019-10750](https://cve.mitre.org/cgi-bin/cvename.cgi?name=CVE-2019-10750) [CVE-2019-10747](https://cve.mitre.org/cgi-bin/cvename.cgi?name=CVE-2019-10747) [CVE-2019-10746](https://cve.mitre.org/cgi-bin/cvename.cgi?name=CVE-2019-10746) [CVE-2019-10745](https://cve.mitre.org/cgi-bin/cvename.cgi?name=CVE-2019-10745) [CVE-2018-16492](https://cve.mitre.org/cgi-bin/cvename.cgi?name=CVE-2018-16492) [CVE-2018-16491](https://cve.mitre.org/cgi-bin/cvename.cgi?name=CVE-2018-16491) [CVE-2018-16490](https://cve.mitre.org/cgi-bin/cvename.cgi?name=CVE-2018-16490) [CVE-2018-16489](https://cve.mitre.org/cgi-bin/cvename.cgi?name=CVE-2018-16489) [CVE-2018-16486](https://cve.mitre.org/cgi-bin/cvename.cgi?name=CVE-2018-16486) [CVE-2018-3728](https://cve.mitre.org/cgi-bin/cvename.cgi?name=CVE-2018-3728) [CVE-2018-3749](https://cve.mitre.org/cgi-bin/cvename.cgi?name=CVE-2018-3749) [CVE-2018-3751](https://cve.mitre.org/cgi-bin/cvename.cgi?name=CVE-2018-3751) [-](https://cve.mitre.org/cgi-bin/cvename.cgi?name=-) [CVE-2020-7717](https://cve.mitre.org/cgi-bin/cvename.cgi?name=CVE-2020-7717) [CVE-2020-7765](https://cve.mitre.org/cgi-bin/cvename.cgi?name=CVE-2020-7765) [CVE-2020-28477](https://cve.mitre.org/cgi-bin/cvename.cgi?name=CVE-2020-28477) [CVE-2020-28461](https://cve.mitre.org/cgi-bin/cvename.cgi?name=CVE-2020-28461) [-](https://cve.mitre.org/cgi-bin/cvename.cgi?name=-) [-](https://cve.mitre.org/cgi-bin/cvename.cgi?name=-) [-](https://cve.mitre.org/cgi-bin/cvename.cgi?name=-) [-](https://cve.mitre.org/cgi-bin/cvename.cgi?name=-) [CVE-2020-7608](https://cve.mitre.org/cgi-bin/cvename.cgi?name=CVE-2020-7608) [CVE-2020-7774](https://cve.mitre.org/cgi-bin/cvename.cgi?name=CVE-2020-7774) [CVE-2020-7724](https://cve.mitre.org/cgi-bin/cvename.cgi?name=CVE-2020-7724) [-](https://cve.mitre.org/cgi-bin/cvename.cgi?name=-) [-](https://cve.mitre.org/cgi-bin/cvename.cgi?name=-) [CVE-2020-28278](https://cve.mitre.org/cgi-bin/cvename.cgi?name=CVE-2020-28278) [CVE-2020-28273](https://cve.mitre.org/cgi-bin/cvename.cgi?name=CVE-2020-28273) [CVE-2020-7707](https://cve.mitre.org/cgi-bin/cvename.cgi?name=CVE-2020-7707) [CVE-2021-25949](https://cve.mitre.org/cgi-bin/cvename.cgi?name=CVE-2021-25949) [CVE-2021-25948](https://cve.mitre.org/cgi-bin/cvename.cgi?name=CVE-2021-25948) [CVE-2020-7792](https://cve.mitre.org/cgi-bin/cvename.cgi?name=CVE-2020-7792) [CVE-2020-7726](https://cve.mitre.org/cgi-bin/cvename.cgi?name=CVE-2020-7726) [CVE-2020-7708](https://cve.mitre.org/cgi-bin/cvename.cgi?name=CVE-2020-7708) [CVE-2021-28860](https://cve.mitre.org/cgi-bin/cvename.cgi?name=CVE-2021-28860)
2,[CVE-2021-25945](https://cve.mitre.org/cgi-bin/cvename.cgi?name=CVE-2021-25945),js-extend,"extend(o1,o2)",extends object o1 with o2's property,public,https://cve.mitre.org/cgi-bin/cvename.cgi?name=,https://cve.mitre.org/cgi-bin/cvename.cgi?name=[CVE-2021-25945](https://cve.mitre.org/cgi-bin/cvename.cgi?name=CVE-2021-25945),
3,[CVE-2021-25944](https://cve.mitre.org/cgi-bin/cvename.cgi?name=CVE-2021-25944),deep-defaults, deep-defaults(),but recursively copies only the missing properties/values to the target object.,public,https://cve.mitre.org/cgi-bin/cvename.cgi?name=,https://cve.mitre.org/cgi-bin/cvename.cgi?name=[CVE-2021-25944](https://cve.mitre.org/cgi-bin/cvename.cgi?name=CVE-2021-25944),
4,[CVE-2021-25943](https://cve.mitre.org/cgi-bin/cvename.cgi?name=CVE-2021-25943),101,set(),returns the same obj with the key and value set,public,https://cve.mitre.org/cgi-bin/cvename.cgi?name=,https://cve.mitre.org/cgi-bin/cvename.cgi?name=[CVE-2021-25943](https://cve.mitre.org/cgi-bin/cvename.cgi?name=CVE-2021-25943),
5,[CVE-2021-25941](https://cve.mitre.org/cgi-bin/cvename.cgi?name=CVE-2021-25941),deep-override,deepoverride(),recursive object extending & overriding,public,https://cve.mitre.org/cgi-bin/cvename.cgi?name=,https://cve.mitre.org/cgi-bin/cvename.cgi?name=[CVE-2021-25941](https://cve.mitre.org/cgi-bin/cvename.cgi?name=CVE-2021-25941),
6,[CVE-2021-25928](https://cve.mitre.org/cgi-bin/cvename.cgi?name=CVE-2021-25928),safe-obj,expand(),assign to any arbitrarily deep and non-existent property on an object,public,https://cve.mitre.org/cgi-bin/cvename.cgi?name=,https://cve.mitre.org/cgi-bin/cvename.cgi?name=[CVE-2021-25928](https://cve.mitre.org/cgi-bin/cvename.cgi?name=CVE-2021-25928),
7,[CVE-2021-25927](https://cve.mitre.org/cgi-bin/cvename.cgi?name=CVE-2021-25927),safe-flat,"unflatten(obj, [delimiter])",Unflats an object back to its original nested form,public,https://cve.mitre.org/cgi-bin/cvename.cgi?name=,https://cve.mitre.org/cgi-bin/cvename.cgi?name=[CVE-2021-25927](https://cve.mitre.org/cgi-bin/cvename.cgi?name=CVE-2021-25927),
8,[CVE-2021-25915](https://cve.mitre.org/cgi-bin/cvename.cgi?name=CVE-2021-25915),changeset,"apply(changes, a, true);","changes the properties od 'a' with ""change""",public,https://cve.mitre.org/cgi-bin/cvename.cgi?name=,https://cve.mitre.org/cgi-bin/cvename.cgi?name=[CVE-2021-25915](https://cve.mitre.org/cgi-bin/cvename.cgi?name=CVE-2021-25915),
9,[CVE-2021-25914](https://cve.mitre.org/cgi-bin/cvename.cgi?name=CVE-2021-25914),Object Collider,"collide(obj1, obj2)",the default behaviour of this library is to concatenate array items at the same path,public,https://cve.mitre.org/cgi-bin/cvename.cgi?name=,https://cve.mitre.org/cgi-bin/cvename.cgi?name=[CVE-2021-25914](https://cve.mitre.org/cgi-bin/cvename.cgi?name=CVE-2021-25914),
10,[CVE-2021-25913](https://cve.mitre.org/cgi-bin/cvename.cgi?name=CVE-2021-25913),set-or-get,"SetOrGet(input, field, def)",Sets or gets an object field value.,public,https://cve.mitre.org/cgi-bin/cvename.cgi?name=,https://cve.mitre.org/cgi-bin/cvename.cgi?name=[CVE-2021-25913](https://cve.mitre.org/cgi-bin/cvename.cgi?name=CVE-2021-25913),
11,[CVE-2021-25912](https://cve.mitre.org/cgi-bin/cvename.cgi?name=CVE-2021-25912),dotty,"put(obj,path,val)",copies the property to the object with the given value,public,https://cve.mitre.org/cgi-bin/cvename.cgi?name=,https://cve.mitre.org/cgi-bin/cvename.cgi?name=[CVE-2021-25912](https://cve.mitre.org/cgi-bin/cvename.cgi?name=CVE-2021-25912),
12,[CVE-2021-23329](https://cve.mitre.org/cgi-bin/cvename.cgi?name=CVE-2021-23329),nested-object-assign,assign () using JSON.parse,assigns value to the object passed,public,https://cve.mitre.org/cgi-bin/cvename.cgi?name=,https://cve.mitre.org/cgi-bin/cvename.cgi?name=[CVE-2021-23329](https://cve.mitre.org/cgi-bin/cvename.cgi?name=CVE-2021-23329),
13,[CVE-2020-8268](https://cve.mitre.org/cgi-bin/cvename.cgi?name=CVE-2020-8268),json8-merge-patch,mergePatch.apply,patches the given object properties with another object/patch,public,https://cve.mitre.org/cgi-bin/cvename.cgi?name=,https://cve.mitre.org/cgi-bin/cvename.cgi?name=[CVE-2020-8268](https://cve.mitre.org/cgi-bin/cvename.cgi?name=CVE-2020-8268),
14,[CVE-2020-8158](https://cve.mitre.org/cgi-bin/cvename.cgi?name=CVE-2020-8158),TypeORM,deepmerge(),,public,https://cve.mitre.org/cgi-bin/cvename.cgi?name=,https://cve.mitre.org/cgi-bin/cvename.cgi?name=[CVE-2020-8158](https://cve.mitre.org/cgi-bin/cvename.cgi?name=CVE-2020-8158),
15,[CVE-2020-8147](https://cve.mitre.org/cgi-bin/cvename.cgi?name=CVE-2020-8147),utils-extend,extend(),,public,https://cve.mitre.org/cgi-bin/cvename.cgi?name=,https://cve.mitre.org/cgi-bin/cvename.cgi?name=[CVE-2020-8147](https://cve.mitre.org/cgi-bin/cvename.cgi?name=CVE-2020-8147),
16,[CVE-2020-28442](https://cve.mitre.org/cgi-bin/cvename.cgi?name=CVE-2020-28442),js-data,"deepFillIn({}, source)","The deepFillIn function can be used to 'fill missing properties recursively',",public,https://cve.mitre.org/cgi-bin/cvename.cgi?name=,https://cve.mitre.org/cgi-bin/cvename.cgi?name=[CVE-2020-28442](https://cve.mitre.org/cgi-bin/cvename.cgi?name=CVE-2020-28442),
17,[CVE-2020-7771](https://cve.mitre.org/cgi-bin/cvename.cgi?name=CVE-2020-7771),asciitable.js,"any_dunc({},b);",:copies properties to another object.Generate a ASCII Table from a bidimensional array of strings,public,https://cve.mitre.org/cgi-bin/cvename.cgi?name=,https://cve.mitre.org/cgi-bin/cvename.cgi?name=[CVE-2020-7771](https://cve.mitre.org/cgi-bin/cvename.cgi?name=CVE-2020-7771),
18,[CVE-2020-7768](https://cve.mitre.org/cgi-bin/cvename.cgi?name=CVE-2020-7768),gprc/gprc-js,loadPackageDefinition,adds the property to inheritence chain,public,https://cve.mitre.org/cgi-bin/cvename.cgi?name=,https://cve.mitre.org/cgi-bin/cvename.cgi?name=[CVE-2020-7768](https://cve.mitre.org/cgi-bin/cvename.cgi?name=CVE-2020-7768),
19,[CVE-2020-7766](https://cve.mitre.org/cgi-bin/cvename.cgi?name=CVE-2020-7766),json-ptr,set(),"The function recursively set the property in the target object, however it does not properly check the key being set, leading to a prototype pollution",public,https://cve.mitre.org/cgi-bin/cvename.cgi?name=,https://cve.mitre.org/cgi-bin/cvename.cgi?name=[CVE-2020-7766](https://cve.mitre.org/cgi-bin/cvename.cgi?name=CVE-2020-7766),
20,[CVE-2020-7737](https://cve.mitre.org/cgi-bin/cvename.cgi?name=CVE-2020-7737),safetydance,set(),"The function recursively set the property in the target object, however it does not properly check the key being set, leading to a prototype pollution",public,https://cve.mitre.org/cgi-bin/cvename.cgi?name=,https://cve.mitre.org/cgi-bin/cvename.cgi?name=[CVE-2020-7737](https://cve.mitre.org/cgi-bin/cvename.cgi?name=CVE-2020-7737),
21,[CVE-2020-7736](https://cve.mitre.org/cgi-bin/cvename.cgi?name=CVE-2020-7736),bmoor,set(),"The function recursively set the property in the target object, however it does not properly check the key being set, leading to a prototype pollution",public,https://cve.mitre.org/cgi-bin/cvename.cgi?name=,https://cve.mitre.org/cgi-bin/cvename.cgi?name=[CVE-2020-7736](https://cve.mitre.org/cgi-bin/cvename.cgi?name=CVE-2020-7736),
22,[CVE-2020-7727](https://cve.mitre.org/cgi-bin/cvename.cgi?name=CVE-2020-7727),gedi,set(),"The function recursively set the property in the target object, however it does not properly check the key being set, leading to a prototype pollution",public,https://cve.mitre.org/cgi-bin/cvename.cgi?name=,https://cve.mitre.org/cgi-bin/cvename.cgi?name=[CVE-2020-7727](https://cve.mitre.org/cgi-bin/cvename.cgi?name=CVE-2020-7727),
23,[CVE-2020-7725](https://cve.mitre.org/cgi-bin/cvename.cgi?name=CVE-2020-7725),worksmith,setValue(),"The function recursively set the property in the target object, however it does not properly check the key being set, leading to a prototype pollution",public,https://cve.mitre.org/cgi-bin/cvename.cgi?name=,https://cve.mitre.org/cgi-bin/cvename.cgi?name=[CVE-2020-7725](https://cve.mitre.org/cgi-bin/cvename.cgi?name=CVE-2020-7725),
24,[CVE-2020-7724](https://cve.mitre.org/cgi-bin/cvename.cgi?name=CVE-2020-7724),tinyConf,set(),"The function recursively set the property in the target object, however it does not properly check the key being set, leading to a prototype pollution",public,https://cve.mitre.org/cgi-bin/cvename.cgi?name=,https://cve.mitre.org/cgi-bin/cvename.cgi?name=[CVE-2020-7724](https://cve.mitre.org/cgi-bin/cvename.cgi?name=CVE-2020-7724),
25,[CVE-2020-7723](https://cve.mitre.org/cgi-bin/cvename.cgi?name=CVE-2020-7723),promisehelpers,insert(),Places a value in an object at an arbitrary depth specified by a keyPath.,public,https://cve.mitre.org/cgi-bin/cvename.cgi?name=,https://cve.mitre.org/cgi-bin/cvename.cgi?name=[CVE-2020-7723](https://cve.mitre.org/cgi-bin/cvename.cgi?name=CVE-2020-7723),
26,[CVE-2020-7722](https://cve.mitre.org/cgi-bin/cvename.cgi?name=CVE-2020-7722),nodee-utils,deepset(),"The function recursively set the property in the target object, however it does not properly check the key being set, leading to a prototype pollution",public,https://cve.mitre.org/cgi-bin/cvename.cgi?name=,https://cve.mitre.org/cgi-bin/cvename.cgi?name=[CVE-2020-7722](https://cve.mitre.org/cgi-bin/cvename.cgi?name=CVE-2020-7722),
27,[CVE-2020-7721](https://cve.mitre.org/cgi-bin/cvename.cgi?name=CVE-2020-7721),node-oojs,setpath(),sets the path value to specfied value,public,https://cve.mitre.org/cgi-bin/cvename.cgi?name=,https://cve.mitre.org/cgi-bin/cvename.cgi?name=[CVE-2020-7721](https://cve.mitre.org/cgi-bin/cvename.cgi?name=CVE-2020-7721),
28,[CVE-2020-7720](https://cve.mitre.org/cgi-bin/cvename.cgi?name=CVE-2020-7720),node-forge,setpath(),sets the path value to specfied value,public,https://cve.mitre.org/cgi-bin/cvename.cgi?name=,https://cve.mitre.org/cgi-bin/cvename.cgi?name=[CVE-2020-7720](https://cve.mitre.org/cgi-bin/cvename.cgi?name=CVE-2020-7720),
29,[CVE-2020-7719](https://cve.mitre.org/cgi-bin/cvename.cgi?name=CVE-2020-7719),locutus,parse_str(),Parses string as if it were the query string passed via a URL and sets variables in the current scope,public,https://cve.mitre.org/cgi-bin/cvename.cgi?name=,https://cve.mitre.org/cgi-bin/cvename.cgi?name=[CVE-2020-7719](https://cve.mitre.org/cgi-bin/cvename.cgi?name=CVE-2020-7719),
30,),gammautils,deepMerge,,public,https://cve.mitre.org/cgi-bin/cvename.cgi?name=,https://cve.mitre.org/cgi-bin/cvename.cgi?name=),
31,[CVE-2020-7717](https://cve.mitre.org/cgi-bin/cvename.cgi?name=CVE-2020-7717),dot-prop,create,creates a object with given properites and property values,public,https://cve.mitre.org/cgi-bin/cvename.cgi?name=,https://cve.mitre.org/cgi-bin/cvename.cgi?name=[CVE-2020-7717](https://cve.mitre.org/cgi-bin/cvename.cgi?name=CVE-2020-7717),
32,[CVE-2020-7716](https://cve.mitre.org/cgi-bin/cvename.cgi?name=CVE-2020-7716),deeps,set(),"The function recursively set the property in the target object, however it does not properly check the key being set, leading to a prototype pollution",public,https://cve.mitre.org/cgi-bin/cvename.cgi?name=,https://cve.mitre.org/cgi-bin/cvename.cgi?name=[CVE-2020-7716](https://cve.mitre.org/cgi-bin/cvename.cgi?name=CVE-2020-7716),
33,[CVE-2020-7714](https://cve.mitre.org/cgi-bin/cvename.cgi?name=CVE-2020-7714),confucious,set(),"The function recursively set the property in the target object, however it does not properly check the key being set, leading to a prototype pollution",public,https://cve.mitre.org/cgi-bin/cvename.cgi?name=,https://cve.mitre.org/cgi-bin/cvename.cgi?name=[CVE-2020-7714](https://cve.mitre.org/cgi-bin/cvename.cgi?name=CVE-2020-7714),
34,[CVE-2020-7713](https://cve.mitre.org/cgi-bin/cvename.cgi?name=CVE-2020-7713),arr-flatten-unflatten,"unflatten(obj, [delimiter])",Unflats an object back to its original nested form,public,https://cve.mitre.org/cgi-bin/cvename.cgi?name=,https://cve.mitre.org/cgi-bin/cvename.cgi?name=[CVE-2020-7713](https://cve.mitre.org/cgi-bin/cvename.cgi?name=CVE-2020-7713),
35,[CVE-2020-7704](https://cve.mitre.org/cgi-bin/cvename.cgi?name=CVE-2020-7704),linux-cmdline,linuxCmdline(),Parser for the Linux kernel command line arguments,public,https://cve.mitre.org/cgi-bin/cvename.cgi?name=,https://cve.mitre.org/cgi-bin/cvename.cgi?name=[CVE-2020-7704](https://cve.mitre.org/cgi-bin/cvename.cgi?name=CVE-2020-7704),
36,[CVE-2020-7703](https://cve.mitre.org/cgi-bin/cvename.cgi?name=CVE-2020-7703),nis-utils,setValue (),"The function recursively set the property in the target object, however it does not properly check the key being set, leading to a prototype pollution",public,https://cve.mitre.org/cgi-bin/cvename.cgi?name=,https://cve.mitre.org/cgi-bin/cvename.cgi?name=[CVE-2020-7703](https://cve.mitre.org/cgi-bin/cvename.cgi?name=CVE-2020-7703),
37,[CVE-2020-7702](https://cve.mitre.org/cgi-bin/cvename.cgi?name=CVE-2020-7702),Templ8,parse(),an Object of values you want to substitute and returns a String of the parsed Templ8.,developed,https://cve.mitre.org/cgi-bin/cvename.cgi?name=,https://cve.mitre.org/cgi-bin/cvename.cgi?name=[CVE-2020-7702](https://cve.mitre.org/cgi-bin/cvename.cgi?name=CVE-2020-7702),
38,[CVE-2020-7701](https://cve.mitre.org/cgi-bin/cvename.cgi?name=CVE-2020-7701),madlib-object-utils,setValue (),"The function recursively set the property in the target object, however it does not properly check the key being set, leading to a prototype pollution",public,https://cve.mitre.org/cgi-bin/cvename.cgi?name=,https://cve.mitre.org/cgi-bin/cvename.cgi?name=[CVE-2020-7701](https://cve.mitre.org/cgi-bin/cvename.cgi?name=CVE-2020-7701),
39,[CVE-2020-7700](https://cve.mitre.org/cgi-bin/cvename.cgi?name=CVE-2020-7700),phpjs,parse_str(),Parses string as if it were the query string passed via a URL and sets variables in the current scope,public,https://cve.mitre.org/cgi-bin/cvename.cgi?name=,https://cve.mitre.org/cgi-bin/cvename.cgi?name=[CVE-2020-7700](https://cve.mitre.org/cgi-bin/cvename.cgi?name=CVE-2020-7700),
40,[CVE-2020-7679](https://cve.mitre.org/cgi-bin/cvename.cgi?name=CVE-2020-7679),casperjs,mergeObjects,Merges two objects recursively.,public,https://cve.mitre.org/cgi-bin/cvename.cgi?name=,https://cve.mitre.org/cgi-bin/cvename.cgi?name=[CVE-2020-7679](https://cve.mitre.org/cgi-bin/cvename.cgi?name=CVE-2020-7679),
41,[CVE-2020-7643](https://cve.mitre.org/cgi-bin/cvename.cgi?name=CVE-2020-7643),paypal-adaptive,PayPal (),creates a object with given properites and property values,public,https://cve.mitre.org/cgi-bin/cvename.cgi?name=,https://cve.mitre.org/cgi-bin/cvename.cgi?name=[CVE-2020-7643](https://cve.mitre.org/cgi-bin/cvename.cgi?name=CVE-2020-7643),
42,[CVE-2020-7637](https://cve.mitre.org/cgi-bin/cvename.cgi?name=CVE-2020-7637),class-transformer,".classToPlainFromExist(payload,{});","This method transforms your class object back to plain javascript object, that can be JSON.stringify later.",public,https://cve.mitre.org/cgi-bin/cvename.cgi?name=,https://cve.mitre.org/cgi-bin/cvename.cgi?name=[CVE-2020-7637](https://cve.mitre.org/cgi-bin/cvename.cgi?name=CVE-2020-7637),
43,[CVE-2020-7600](https://cve.mitre.org/cgi-bin/cvename.cgi?name=CVE-2020-7600),querymen,"handler(type, name, fn)",,public,https://cve.mitre.org/cgi-bin/cvename.cgi?name=,https://cve.mitre.org/cgi-bin/cvename.cgi?name=[CVE-2020-7600](https://cve.mitre.org/cgi-bin/cvename.cgi?name=CVE-2020-7600),
44,[CVE-2020-28503](https://cve.mitre.org/cgi-bin/cvename.cgi?name=CVE-2020-28503),copy-props,copyprops(),Copy source to destination simply,public,https://cve.mitre.org/cgi-bin/cvename.cgi?name=,https://cve.mitre.org/cgi-bin/cvename.cgi?name=[CVE-2020-28503](https://cve.mitre.org/cgi-bin/cvename.cgi?name=CVE-2020-28503),
45,[CVE-2020-28499](https://cve.mitre.org/cgi-bin/cvename.cgi?name=CVE-2020-28499),merge,recursive(),recursively merges objects properties to object,public,https://cve.mitre.org/cgi-bin/cvename.cgi?name=,https://cve.mitre.org/cgi-bin/cvename.cgi?name=[CVE-2020-28499](https://cve.mitre.org/cgi-bin/cvename.cgi?name=CVE-2020-28499),
46,[CVE-2020-28495](https://cve.mitre.org/cgi-bin/cvename.cgi?name=CVE-2020-28495),total.js,set(),"The function recursively set the property in the target object, however it does not properly check the key being set, leading to a prototype pollution",public,https://cve.mitre.org/cgi-bin/cvename.cgi?name=,https://cve.mitre.org/cgi-bin/cvename.cgi?name=[CVE-2020-28495](https://cve.mitre.org/cgi-bin/cvename.cgi?name=CVE-2020-28495),
47,[CVE-2020-28480](https://cve.mitre.org/cgi-bin/cvename.cgi?name=CVE-2020-28480),jointjs,setByPath(),Set a value at the path in a nested object,public,https://cve.mitre.org/cgi-bin/cvename.cgi?name=,https://cve.mitre.org/cgi-bin/cvename.cgi?name=[CVE-2020-28480](https://cve.mitre.org/cgi-bin/cvename.cgi?name=CVE-2020-28480),
48,[CVE-2020-28283](https://cve.mitre.org/cgi-bin/cvename.cgi?name=CVE-2020-28283),libnested,set(),"The function recursively set the property in the target object, however it does not properly check the key being set, leading to a prototype pollution",public,https://cve.mitre.org/cgi-bin/cvename.cgi?name=,https://cve.mitre.org/cgi-bin/cvename.cgi?name=[CVE-2020-28283](https://cve.mitre.org/cgi-bin/cvename.cgi?name=CVE-2020-28283),
49,[CVE-2020-28282](https://cve.mitre.org/cgi-bin/cvename.cgi?name=CVE-2020-28282),getobject,set(),"The function recursively set the property in the target object, however it does not properly check the key being set, leading to a prototype pollution",public,https://cve.mitre.org/cgi-bin/cvename.cgi?name=,https://cve.mitre.org/cgi-bin/cvename.cgi?name=[CVE-2020-28282](https://cve.mitre.org/cgi-bin/cvename.cgi?name=CVE-2020-28282),
50,[CVE-2020-28281](https://cve.mitre.org/cgi-bin/cvename.cgi?name=CVE-2020-28281),set-object-value,setObjectValue,sets the object with given value,public,https://cve.mitre.org/cgi-bin/cvename.cgi?name=,https://cve.mitre.org/cgi-bin/cvename.cgi?name=[CVE-2020-28281](https://cve.mitre.org/cgi-bin/cvename.cgi?name=CVE-2020-28281),
51,[CVE-2020-28280](https://cve.mitre.org/cgi-bin/cvename.cgi?name=CVE-2020-28280),predefine,merge,Merge two objects in to one single object. This supports deep merging.,public,https://cve.mitre.org/cgi-bin/cvename.cgi?name=,https://cve.mitre.org/cgi-bin/cvename.cgi?name=[CVE-2020-28280](https://cve.mitre.org/cgi-bin/cvename.cgi?name=CVE-2020-28280),
52,[CVE-2020-28279](https://cve.mitre.org/cgi-bin/cvename.cgi?name=CVE-2020-28279),flattenizer,unflatten(),unflatten nested JavaScript objects into a single level.,public,https://cve.mitre.org/cgi-bin/cvename.cgi?name=,https://cve.mitre.org/cgi-bin/cvename.cgi?name=[CVE-2020-28279](https://cve.mitre.org/cgi-bin/cvename.cgi?name=CVE-2020-28279),
53,[CVE-2020-28277](https://cve.mitre.org/cgi-bin/cvename.cgi?name=CVE-2020-28277),dset,dset(),writes values at the assigned key-path,public,https://cve.mitre.org/cgi-bin/cvename.cgi?name=,https://cve.mitre.org/cgi-bin/cvename.cgi?name=[CVE-2020-28277](https://cve.mitre.org/cgi-bin/cvename.cgi?name=CVE-2020-28277),
54,[CVE-2020-28276](https://cve.mitre.org/cgi-bin/cvename.cgi?name=CVE-2020-28276),deep-set,deepSet(),Sets a value of a property in an object tree,public,https://cve.mitre.org/cgi-bin/cvename.cgi?name=,https://cve.mitre.org/cgi-bin/cvename.cgi?name=[CVE-2020-28276](https://cve.mitre.org/cgi-bin/cvename.cgi?name=CVE-2020-28276),
55,[CVE-2020-28274](https://cve.mitre.org/cgi-bin/cvename.cgi?name=CVE-2020-28274),deepref,set(),"The function recursively set the property in the target object, however it does not properly check the key being set, leading to a prototype pollution",public,https://cve.mitre.org/cgi-bin/cvename.cgi?name=,https://cve.mitre.org/cgi-bin/cvename.cgi?name=[CVE-2020-28274](https://cve.mitre.org/cgi-bin/cvename.cgi?name=CVE-2020-28274),
56,[CVE-2020-28273](https://cve.mitre.org/cgi-bin/cvename.cgi?name=CVE-2020-28273),set_in,set_in(),set value of nested associative structure given array of keys,public,https://cve.mitre.org/cgi-bin/cvename.cgi?name=,https://cve.mitre.org/cgi-bin/cvename.cgi?name=[CVE-2020-28273](https://cve.mitre.org/cgi-bin/cvename.cgi?name=CVE-2020-28273),
57,[CVE-2020-28272](https://cve.mitre.org/cgi-bin/cvename.cgi?name=CVE-2020-28272),keyget,set(),"The function recursively set the property in the target object, however it does not properly check the key being set, leading to a prototype pollution",public,https://cve.mitre.org/cgi-bin/cvename.cgi?name=,https://cve.mitre.org/cgi-bin/cvename.cgi?name=[CVE-2020-28272](https://cve.mitre.org/cgi-bin/cvename.cgi?name=CVE-2020-28272),
58,[CVE-2020-28271](https://cve.mitre.org/cgi-bin/cvename.cgi?name=CVE-2020-28271),deephas,set(),Adds a new property or object.,public,https://cve.mitre.org/cgi-bin/cvename.cgi?name=,https://cve.mitre.org/cgi-bin/cvename.cgi?name=[CVE-2020-28271](https://cve.mitre.org/cgi-bin/cvename.cgi?name=CVE-2020-28271),
59,[CVE-2020-28269](https://cve.mitre.org/cgi-bin/cvename.cgi?name=CVE-2020-28269),field,set(),"The function recursively set the property in the target object, however it does not properly check the key being set, leading to a prototype pollution",public,https://cve.mitre.org/cgi-bin/cvename.cgi?name=,https://cve.mitre.org/cgi-bin/cvename.cgi?name=[CVE-2020-28269](https://cve.mitre.org/cgi-bin/cvename.cgi?name=CVE-2020-28269),
60,[CVE-2020-28268](https://cve.mitre.org/cgi-bin/cvename.cgi?name=CVE-2020-28268),controlled-merge,merge(),function to merge a number of javascript objects into a singular object.,public,https://cve.mitre.org/cgi-bin/cvename.cgi?name=,https://cve.mitre.org/cgi-bin/cvename.cgi?name=[CVE-2020-28268](https://cve.mitre.org/cgi-bin/cvename.cgi?name=CVE-2020-28268),
61,[CVE-2020-28267](https://cve.mitre.org/cgi-bin/cvename.cgi?name=CVE-2020-28267),@strikeentco/set,"sset(obj, '__proto__.polluted', ""yes"");",sets nested value on an object.,public,https://cve.mitre.org/cgi-bin/cvename.cgi?name=,https://cve.mitre.org/cgi-bin/cvename.cgi?name=[CVE-2020-28267](https://cve.mitre.org/cgi-bin/cvename.cgi?name=CVE-2020-28267),
62,[CVE-2020-15256](https://cve.mitre.org/cgi-bin/cvename.cgi?name=CVE-2020-15256),object-path-set,setpath(),set values in javascript objects by specifying a path.,public,https://cve.mitre.org/cgi-bin/cvename.cgi?name=,https://cve.mitre.org/cgi-bin/cvename.cgi?name=[CVE-2020-15256](https://cve.mitre.org/cgi-bin/cvename.cgi?name=CVE-2020-15256),
63,[CVE-2020-26245](https://cve.mitre.org/cgi-bin/cvename.cgi?name=CVE-2020-26245),systeminformation,,"The function recursively set the property in the target object, however it does not properly check the key being set, leading to a prototype pollution",public,https://cve.mitre.org/cgi-bin/cvename.cgi?name=,https://cve.mitre.org/cgi-bin/cvename.cgi?name=[CVE-2020-26245](https://cve.mitre.org/cgi-bin/cvename.cgi?name=CVE-2020-26245),
64,[CVE-2019-10793](https://cve.mitre.org/cgi-bin/cvename.cgi?name=CVE-2019-10793),dot-object,set(),,public,https://cve.mitre.org/cgi-bin/cvename.cgi?name=,https://cve.mitre.org/cgi-bin/cvename.cgi?name=[CVE-2019-10793](https://cve.mitre.org/cgi-bin/cvename.cgi?name=CVE-2019-10793),
65,[CVE-2019-10792](https://cve.mitre.org/cgi-bin/cvename.cgi?name=CVE-2019-10792),bodymen,handler(),,own,https://cve.mitre.org/cgi-bin/cvename.cgi?name=,https://cve.mitre.org/cgi-bin/cvename.cgi?name=[CVE-2019-10792](https://cve.mitre.org/cgi-bin/cvename.cgi?name=CVE-2019-10792),
66,[CVE-2019-10750](https://cve.mitre.org/cgi-bin/cvename.cgi?name=CVE-2019-10750),deeply,#main#,,public,https://cve.mitre.org/cgi-bin/cvename.cgi?name=,https://cve.mitre.org/cgi-bin/cvename.cgi?name=[CVE-2019-10750](https://cve.mitre.org/cgi-bin/cvename.cgi?name=CVE-2019-10750),
67,[CVE-2019-10747](https://cve.mitre.org/cgi-bin/cvename.cgi?name=CVE-2019-10747),set-value,#main#,Set nested properties on an object using dot notation.,own,https://cve.mitre.org/cgi-bin/cvename.cgi?name=,https://cve.mitre.org/cgi-bin/cvename.cgi?name=[CVE-2019-10747](https://cve.mitre.org/cgi-bin/cvename.cgi?name=CVE-2019-10747),
68,[CVE-2019-10746](https://cve.mitre.org/cgi-bin/cvename.cgi?name=CVE-2019-10746),mixin-deep,#main#,Deeply mix the properties of objects into the first object but dosent clone,public,https://cve.mitre.org/cgi-bin/cvename.cgi?name=,https://cve.mitre.org/cgi-bin/cvename.cgi?name=[CVE-2019-10746](https://cve.mitre.org/cgi-bin/cvename.cgi?name=CVE-2019-10746),
69,[CVE-2019-10745](https://cve.mitre.org/cgi-bin/cvename.cgi?name=CVE-2019-10745),assign-deep,#main#,Deeply assign the values of all enumerable-own-properties and symbols from one or more source objects to a target object,own/ modified,https://cve.mitre.org/cgi-bin/cvename.cgi?name=,https://cve.mitre.org/cgi-bin/cvename.cgi?name=[CVE-2019-10745](https://cve.mitre.org/cgi-bin/cvename.cgi?name=CVE-2019-10745),
70,[CVE-2018-16492](https://cve.mitre.org/cgi-bin/cvename.cgi?name=CVE-2018-16492),extend,#main#,"Extend one object with one or more others,",public,https://cve.mitre.org/cgi-bin/cvename.cgi?name=,https://cve.mitre.org/cgi-bin/cvename.cgi?name=[CVE-2018-16492](https://cve.mitre.org/cgi-bin/cvename.cgi?name=CVE-2018-16492),
71,[CVE-2018-16491](https://cve.mitre.org/cgi-bin/cvename.cgi?name=CVE-2018-16491),node.extend,#main#,"Extend one object with one or more others,",public,https://cve.mitre.org/cgi-bin/cvename.cgi?name=,https://cve.mitre.org/cgi-bin/cvename.cgi?name=[CVE-2018-16491](https://cve.mitre.org/cgi-bin/cvename.cgi?name=CVE-2018-16491),
72,[CVE-2018-16490](https://cve.mitre.org/cgi-bin/cvename.cgi?name=CVE-2018-16490),mpath,set(),setting a property within an array to another array results in each element of the new array being set to the item in the destination array at the matching index,own,https://cve.mitre.org/cgi-bin/cvename.cgi?name=,https://cve.mitre.org/cgi-bin/cvename.cgi?name=[CVE-2018-16490](https://cve.mitre.org/cgi-bin/cvename.cgi?name=CVE-2018-16490),
73,[CVE-2018-16489](https://cve.mitre.org/cgi-bin/cvename.cgi?name=CVE-2018-16489),just-extend,#main#,"Extend one object with one or more others,",public,https://cve.mitre.org/cgi-bin/cvename.cgi?name=,https://cve.mitre.org/cgi-bin/cvename.cgi?name=[CVE-2018-16489](https://cve.mitre.org/cgi-bin/cvename.cgi?name=CVE-2018-16489),
74,[CVE-2018-16486](https://cve.mitre.org/cgi-bin/cvename.cgi?name=CVE-2018-16486),defaults-deep,#main#,recursively copies only the missing properties/values to the target object.,public,https://cve.mitre.org/cgi-bin/cvename.cgi?name=,https://cve.mitre.org/cgi-bin/cvename.cgi?name=[CVE-2018-16486](https://cve.mitre.org/cgi-bin/cvename.cgi?name=CVE-2018-16486),
75,[CVE-2018-3728](https://cve.mitre.org/cgi-bin/cvename.cgi?name=CVE-2018-3728),hoek,merge(),Merge all the properties of source into target,public,https://cve.mitre.org/cgi-bin/cvename.cgi?name=,https://cve.mitre.org/cgi-bin/cvename.cgi?name=[CVE-2018-3728](https://cve.mitre.org/cgi-bin/cvename.cgi?name=CVE-2018-3728),
76,[CVE-2018-3749](https://cve.mitre.org/cgi-bin/cvename.cgi?name=CVE-2018-3749),deap,merge(),"Copy properties from one object to another, not replacing existing properties.",public,https://cve.mitre.org/cgi-bin/cvename.cgi?name=,https://cve.mitre.org/cgi-bin/cvename.cgi?name=[CVE-2018-3749](https://cve.mitre.org/cgi-bin/cvename.cgi?name=CVE-2018-3749),
77,[CVE-2018-3751](https://cve.mitre.org/cgi-bin/cvename.cgi?name=CVE-2018-3751),merge-recursive,#main#,"Copy properties from one object to another, not replacing existing properties.",public,https://cve.mitre.org/cgi-bin/cvename.cgi?name=,https://cve.mitre.org/cgi-bin/cvename.cgi?name=[CVE-2018-3751](https://cve.mitre.org/cgi-bin/cvename.cgi?name=CVE-2018-3751),
78,[-](https://cve.mitre.org/cgi-bin/cvename.cgi?name=-),prototyped.js,set(),Puts the property value indicated by the given selector into the object,public,https://cve.mitre.org/cgi-bin/cvename.cgi?name=,https://cve.mitre.org/cgi-bin/cvename.cgi?name=[-](https://cve.mitre.org/cgi-bin/cvename.cgi?name=-),
79,[CVE-2020-7717](https://cve.mitre.org/cgi-bin/cvename.cgi?name=CVE-2020-7717),dot-notes,create(),create a potentially nested key inside an Object,public,https://cve.mitre.org/cgi-bin/cvename.cgi?name=,https://cve.mitre.org/cgi-bin/cvename.cgi?name=[CVE-2020-7717](https://cve.mitre.org/cgi-bin/cvename.cgi?name=CVE-2020-7717),
80,[CVE-2020-7765](https://cve.mitre.org/cgi-bin/cvename.cgi?name=CVE-2020-7765),@firebase/util,deepExtend(),"*Extend one object with one or more others,",public,https://cve.mitre.org/cgi-bin/cvename.cgi?name=,https://cve.mitre.org/cgi-bin/cvename.cgi?name=[CVE-2020-7765](https://cve.mitre.org/cgi-bin/cvename.cgi?name=CVE-2020-7765),
81,[CVE-2020-28477](https://cve.mitre.org/cgi-bin/cvename.cgi?name=CVE-2020-28477),immer,applyPatches(),-,public,https://cve.mitre.org/cgi-bin/cvename.cgi?name=,https://cve.mitre.org/cgi-bin/cvename.cgi?name=[CVE-2020-28477](https://cve.mitre.org/cgi-bin/cvename.cgi?name=CVE-2020-28477),
82,[CVE-2020-28461](https://cve.mitre.org/cgi-bin/cvename.cgi?name=CVE-2020-28461),js-ini,parse(),decoding ini-like strings.,public,https://cve.mitre.org/cgi-bin/cvename.cgi?name=,https://cve.mitre.org/cgi-bin/cvename.cgi?name=[CVE-2020-28461](https://cve.mitre.org/cgi-bin/cvename.cgi?name=CVE-2020-28461),
83,[-](https://cve.mitre.org/cgi-bin/cvename.cgi?name=-),upmerge,merge(),merge one object with other,public,https://cve.mitre.org/cgi-bin/cvename.cgi?name=,https://cve.mitre.org/cgi-bin/cvename.cgi?name=[-](https://cve.mitre.org/cgi-bin/cvename.cgi?name=-),
84,[-](https://cve.mitre.org/cgi-bin/cvename.cgi?name=-),keyd,set(),sets value in give path,public,https://cve.mitre.org/cgi-bin/cvename.cgi?name=,https://cve.mitre.org/cgi-bin/cvename.cgi?name=[-](https://cve.mitre.org/cgi-bin/cvename.cgi?name=-),
85,[-](https://cve.mitre.org/cgi-bin/cvename.cgi?name=-),nested-property,set(),set a nested property on an object:,public,https://cve.mitre.org/cgi-bin/cvename.cgi?name=,https://cve.mitre.org/cgi-bin/cvename.cgi?name=[-](https://cve.mitre.org/cgi-bin/cvename.cgi?name=-),
86,[-](https://cve.mitre.org/cgi-bin/cvename.cgi?name=-),objtools,merge(),Recursively merge source objects into a base object,public,https://cve.mitre.org/cgi-bin/cvename.cgi?name=,https://cve.mitre.org/cgi-bin/cvename.cgi?name=[-](https://cve.mitre.org/cgi-bin/cvename.cgi?name=-),
87,[CVE-2020-7608](https://cve.mitre.org/cgi-bin/cvename.cgi?name=CVE-2020-7608),yargs-parser,#main#,Parses command line arguments returning a simple mapping of keys and values.,public,https://cve.mitre.org/cgi-bin/cvename.cgi?name=,https://cve.mitre.org/cgi-bin/cvename.cgi?name=[CVE-2020-7608](https://cve.mitre.org/cgi-bin/cvename.cgi?name=CVE-2020-7608),
88,[CVE-2020-7774](https://cve.mitre.org/cgi-bin/cvename.cgi?name=CVE-2020-7774),y18n,updateLocale(),Update the current locale with the key value pairs in obj,public,https://cve.mitre.org/cgi-bin/cvename.cgi?name=,https://cve.mitre.org/cgi-bin/cvename.cgi?name=[CVE-2020-7774](https://cve.mitre.org/cgi-bin/cvename.cgi?name=CVE-2020-7774),
89,[CVE-2020-7724](https://cve.mitre.org/cgi-bin/cvename.cgi?name=CVE-2020-7724),tiny-conf,set(),sets value at path location,public,https://cve.mitre.org/cgi-bin/cvename.cgi?name=,https://cve.mitre.org/cgi-bin/cvename.cgi?name=[CVE-2020-7724](https://cve.mitre.org/cgi-bin/cvename.cgi?name=CVE-2020-7724),
90,[-](https://cve.mitre.org/cgi-bin/cvename.cgi?name=-),supermixer,merge(),deep merge own properties,public,https://cve.mitre.org/cgi-bin/cvename.cgi?name=,https://cve.mitre.org/cgi-bin/cvename.cgi?name=[-](https://cve.mitre.org/cgi-bin/cvename.cgi?name=-),
91,[-](https://cve.mitre.org/cgi-bin/cvename.cgi?name=-),smart-extend,deep(),Performs a recursive copy of the specified objects.,public,https://cve.mitre.org/cgi-bin/cvename.cgi?name=,https://cve.mitre.org/cgi-bin/cvename.cgi?name=[-](https://cve.mitre.org/cgi-bin/cvename.cgi?name=-),
92,[CVE-2020-28278](https://cve.mitre.org/cgi-bin/cvename.cgi?name=CVE-2020-28278),shvl,set(),set dot-notated properties within an object.,public,https://cve.mitre.org/cgi-bin/cvename.cgi?name=,https://cve.mitre.org/cgi-bin/cvename.cgi?name=[CVE-2020-28278](https://cve.mitre.org/cgi-bin/cvename.cgi?name=CVE-2020-28278),
93,[CVE-2020-28273](https://cve.mitre.org/cgi-bin/cvename.cgi?name=CVE-2020-28273),set-in,#main#,set value of nested associative structure given array of keys,public,https://cve.mitre.org/cgi-bin/cvename.cgi?name=,https://cve.mitre.org/cgi-bin/cvename.cgi?name=[CVE-2020-28273](https://cve.mitre.org/cgi-bin/cvename.cgi?name=CVE-2020-28273),
94,[CVE-2020-7707](https://cve.mitre.org/cgi-bin/cvename.cgi?name=CVE-2020-7707),property-expr,setter(),accepts an obj and a value and sets the property pointed to by the expression to the supplied value.,public,https://cve.mitre.org/cgi-bin/cvename.cgi?name=,https://cve.mitre.org/cgi-bin/cvename.cgi?name=[CVE-2020-7707](https://cve.mitre.org/cgi-bin/cvename.cgi?name=CVE-2020-7707),
95,[CVE-2021-25949](https://cve.mitre.org/cgi-bin/cvename.cgi?name=CVE-2021-25949),set-getter,#main#,works like set-value by adding a property to an object or an object hierarchy using dot notation.,public,https://cve.mitre.org/cgi-bin/cvename.cgi?name=,https://cve.mitre.org/cgi-bin/cvename.cgi?name=[CVE-2021-25949](https://cve.mitre.org/cgi-bin/cvename.cgi?name=CVE-2021-25949),
96,[CVE-2021-25948](https://cve.mitre.org/cgi-bin/cvename.cgi?name=CVE-2021-25948),expand-hash,#main#,Recursively expands property keys with dot-notation into objects.,public,https://cve.mitre.org/cgi-bin/cvename.cgi?name=,https://cve.mitre.org/cgi-bin/cvename.cgi?name=[CVE-2021-25948](https://cve.mitre.org/cgi-bin/cvename.cgi?name=CVE-2021-25948),
97,[CVE-2020-7792](https://cve.mitre.org/cgi-bin/cvename.cgi?name=CVE-2020-7792),mout,set(),Sets a nested property value.,public,https://cve.mitre.org/cgi-bin/cvename.cgi?name=,https://cve.mitre.org/cgi-bin/cvename.cgi?name=[CVE-2020-7792](https://cve.mitre.org/cgi-bin/cvename.cgi?name=CVE-2020-7792),
98,[CVE-2020-7726](https://cve.mitre.org/cgi-bin/cvename.cgi?name=CVE-2020-7726),safe-object2,setter(),accepts an obj and a value and sets the property pointed to by the expression to the supplied value.,public,https://cve.mitre.org/cgi-bin/cvename.cgi?name=,https://cve.mitre.org/cgi-bin/cvename.cgi?name=[CVE-2020-7726](https://cve.mitre.org/cgi-bin/cvename.cgi?name=CVE-2020-7726),
99,[CVE-2020-7708](https://cve.mitre.org/cgi-bin/cvename.cgi?name=CVE-2020-7708),irrelon-path,set(),Sets a value in the obj at the given path,public,https://cve.mitre.org/cgi-bin/cvename.cgi?name=,https://cve.mitre.org/cgi-bin/cvename.cgi?name=[CVE-2020-7708](https://cve.mitre.org/cgi-bin/cvename.cgi?name=CVE-2020-7708),
100,[CVE-2021-28860](https://cve.mitre.org/cgi-bin/cvename.cgi?name=CVE-2021-28860),mixme,#main#,Merge multiple object recursively,public,https://cve.mitre.org/cgi-bin/cvename.cgi?name=,https://cve.mitre.org/cgi-bin/cvename.cgi?name=[CVE-2021-28860](https://cve.mitre.org/cgi-bin/cvename.cgi?name=CVE-2021-28860),
,,,,,,,,
,,,,,,,,
sno,CVE,pacakage name,function,description about the function,Exploit availability,,CVE,
1,"CVE-2020-7742
",simpl-schema,setDefaultMessages,simply extends the default defaults,public,https://cve.mitre.org/cgi-bin/cvename.cgi?name=,"https://cve.mitre.org/cgi-bin/cvename.cgi?name=CVE-2020-7742
",
2,CVE-2021-23370,swiper,extendDefaults,Extend global Swiper defaults,public,https://cve.mitre.org/cgi-bin/cvename.cgi?name=,https://cve.mitre.org/cgi-bin/cvename.cgi?name=CVE-2021-23370,
3,CVE-2020-7788,ini,parse,Decode the ini-style formatted inistring into a nested object.,public,https://cve.mitre.org/cgi-bin/cvename.cgi?name=,https://cve.mitre.org/cgi-bin/cvename.cgi?name=CVE-2020-7788,
4,CVE-2020-7618,sds,set,sets object with given properties,public,https://cve.mitre.org/cgi-bin/cvename.cgi?name=,https://cve.mitre.org/cgi-bin/cvename.cgi?name=CVE-2020-7618,
5,CVE-2019-10768,angular ,merge,,public,https://cve.mitre.org/cgi-bin/cvename.cgi?name=,https://cve.mitre.org/cgi-bin/cvename.cgi?name=CVE-2019-10768,
6,CVE-2021-25916,sahmat,#main#,setter for deep objects,modidied,https://cve.mitre.org/cgi-bin/cvename.cgi?name=,https://cve.mitre.org/cgi-bin/cvename.cgi?name=CVE-2021-25916,
7,https://www.npmjs.com/advisories/1334,getsetdeep,setDeep,set nested variables of an object,developed,https://cve.mitre.org/cgi-bin/cvename.cgi?name=,https://cve.mitre.org/cgi-bin/cvename.cgi?name=https://www.npmjs.com/advisories/1334,
8,https://snyk.io/vuln/SNYK-JS-FLAT-596927,flat,unflatten,unFlattens the object,public,https://cve.mitre.org/cgi-bin/cvename.cgi?name=,https://cve.mitre.org/cgi-bin/cvename.cgi?name=https://snyk.io/vuln/SNYK-JS-FLAT-596927,
9,https://www.npmjs.com/advisories/1327,flat-wrap,unflatten,unFlattens the object,developed,https://cve.mitre.org/cgi-bin/cvename.cgi?name=,https://cve.mitre.org/cgi-bin/cvename.cgi?name=https://www.npmjs.com/advisories/1327,
10,CVE-2020-7598,minimist,#main#,parse argument options,public,https://cve.mitre.org/cgi-bin/cvename.cgi?name=,https://cve.mitre.org/cgi-bin/cvename.cgi?name=CVE-2020-7598,
11,https://www.npmjs.com/advisories/893,lutils-merge,#main#,Merge javascript objects recursively.,public,https://cve.mitre.org/cgi-bin/cvename.cgi?name=,https://cve.mitre.org/cgi-bin/cvename.cgi?name=https://www.npmjs.com/advisories/893,
12,CVE-2018-3752,merge-options,#main#,Merge Option Objects,public,https://cve.mitre.org/cgi-bin/cvename.cgi?name=,https://cve.mitre.org/cgi-bin/cvename.cgi?name=CVE-2018-3752,
13,https://hackerone.com/reports/871156,plain-object-merge,#main#,deep merging json-serializable plain objects.,public,https://cve.mitre.org/cgi-bin/cvename.cgi?name=,https://cve.mitre.org/cgi-bin/cvename.cgi?name=https://hackerone.com/reports/871156,
,,,,,,,,
,,,,,,,,
,,,,,,,,
,,,,,,,,
,snyk vulnerablity database,,,,,,,
s.no,CVE,pacakage name,function,description about the function,Exploit availability,,,
1,CVE-2018-3753,merge-objects,#main#,Merge two objects and concatenate arrays that are values of the same object key,public,,,
2,CVE-2018-3750,deep-extend,#main#,Recursive object extending.,public,,,
3,CVE-2018-16472,cached-path-relative,#main#,-,public,,,
4,CVE-2019-11358,jquery,extend,Merge the contents of two or more objects together into the first objec,modified,,,
5,link,mithril,parseQueryString(),Turns a string into object,developed,,,
6,CVE-2019-10794,Component Flatten,#main#,Is a module that flattens a resolved component tree.,developed,,,
7,CVE-2019-10806,vega-util,mergeConfig,Merges a collection of Vega configuration objects into a single combined object,public,,,
8,CVE-2019-10808,utilitify,#main#,Recursively merge values in a javascript object.,public,,,
9,CVE-2020-5258,dojo,deepcopy,,public,,,
10,CVE-2020-7639,@eivifj/dot,set,set object properties with dot notation,public,,,
11,CVE-2020-7638,confinit,setDeepProperty,set nested variables of an object,public,,,
12,CVE-2020-7641,grunt-util-property,call,Grunt util for getting and setting properties,public,,,
13,link,objutil,#main#,"Deeply merge args properties into obj, from left to right order.",public,,,
14,link,@uifabric/utilities,merge,Simple deep merge function,public,,,
15,link,fluentui/styles,deepmerge,allows one object to merge with another recursively.,public,,,
16,link,i18next,deepExtend,"*Extend one object with one or more others,",public,,,
17,link,fast-json-patch,applyPatch,Applies patch array on obj,public/modified,,,
18,CVE-2020-7715,deep-get-set,#main#,Set and get values on objects via dot-notation strings,public but not working,,,
19,link,extend-merge,#main#,Shallow extend and deep merge utility function,public,,,
20,link,datatables.net,Not available,Not available,public [has implementation] issues,,,
21,CVE-2020-7748,@tsed/core,#main#,"*Extend one object with one or more others,",public,,,
22,CVE-2020-7751,pathval,setPathValue,Sets the value of a property at a given path inside an object,public,,,
23,CVE-2020-7772,doc-path,setPath,set the value at that path,public,,,
24,link,objnest,expand,Convert flattened object into nested structure.,public,,,
25,link,ts-dot-prop,set,set properties of the Object prototype,public,,,
26,CVE-2020-35149,rxdb,not available,Not available,public [has implementation] issues,,,
27,CVE-2020-28441,conf-cfg-ini,decode,decode conf/cfg/ini-Files,public [has implementation] issues,,,
28,CVE-2020-28448,multi-ini,read,"An ini-file parser which supports multi line, multiple levels and arrays to get a maximum of compatibility with Zend config files.",public,,,
29,link,inireader,load,Loads and parses the configuration file.,public,,,
30,CVE-2020-28462,ion-parser,parse,parser for TOML and ION files.,public,,,
31,CVE-2020-28471,properties-reader,#main#,An ini file compatible properties reade,public,,,
32,CVE-2020-28450,decal,extend,Not available,public,,,
33,link,tree-kit,set,sets properties of an object,public [has implementation] issues,,,
34,link,node-dig,#main#,enables you to access nested elements in Object.,public,,,
35,link,convict,set,Sets the value of name to value,public,,,
36,link,style-dictionary,extend,method is an overloaded method that can also take an object with the configuration in the same format as a config.json file.,public,,,
37,CVE-2019-18841,chartkick.js,LineChart,constructs a Line chart,developed,,,
,,,,,,,,
38,CVE-2020-7743,mathjs,config,configures,developed,,,
39,CVE-2019-10798,rdf-graph-array,add,add graph,developed,,,
40,CVE-2021-23442,@cookiex/deep,default,Deep is a library for joining object recursive in one target,public,,,
41,CVE-2021-3815,@fabiocaccamo/utils.js,set,sets the property to a given object,public,,,
42,CVE-2021-23700,merge-deep2,#main#,Recursively merge values in a javascript object.,public,,,
43,CVE-2020-7709,jsonpointer,set,sets the property to a given object,public,,,
44,CVE-2021-23807,jsonpointer,set,sets the property to a given object,public,,,
45,link,@brikcss/merge,#main#,Utility to perform a deep merge of a list of objects or arrays.,public,,,
46,CVE-2021-23452,x-assign,assign,Object.assign that will merge nested objects and concatenate arrays.,public,,,
47,CVE-2021-23448,config-handler,#main#,Load your configuration in hierarchy,public,,,
48,CVE-2021-3645,@viking04/merge,#main#,To merge many sources to target.,public,might be prone to attack,,
49,CVE-2021-3766,objection,set,sets the property to a given object,public,might be prone to attack,,
50,CVE-2021-23432,mootools,merge,Merges any number of objects recursively without referencing them or their sub-objects.,public,,,
51,CVE-2021-23426,proto,merge,merges object,public,,,
52,CVE-2021-23421,merge-change,set,To set (or replace) property without deep merge.,developed,,,
53,link,think-config,set,sets the property to a given object,public-devloped,might be,,
54,CVE-2021-23417,deepmergefn,#main#,Mixes two data objects in depth,public,,,
55,CVE-2021-25953,putil-merge,#main#,Merging multiple objects into one,public,,,
56,CVE-2021-25952,just-safe-set,#main#,Set value at property,public,,,
57,CVE-2021-23402,record-like-deep-assign,#main#,Recursively assigns enumerable own properties of the given sources to a target object,public,,,
58,CVE-2021-23403,ts-nodash,Merge,Takes two parameters that can be of any object type and will try to merge them together,public,,,
59,CVE-2021-32736,think-helper,extend,extend object,developed,,,
60,CVE-2021-23397,@ianwalter/merge,#main#,Recursively merge JavaScript Objects,public,,,
61,CVE-2021-23396,lutils,merge,"Merge objects together, traversing objects & arrays recursively",public,,,
62,CVE-2021-23395,nedb,update,updates the databse,public,,,
63,CVE-2021-41097,aurelia-path,parseQueryString,parse the query,public-devloped,,,
64,CVE-2021-23373,set-deep-prop,#main#,Set the value of a deeply nested object or array,public,,,
65,link,mquery,mergeClone,-,public,,,
,,,,,,,,
,,,,,,,,
,,,,,,,,
,,,,,,,,
,,,,,,,,
,,,,,,,,
,NO POC,,,,,,,
,,,,,,,,
,,,,,,,,
,,,,,,,,
,,,,,,,,
s.no,CVE,pacakage name,function,description about the function,Exploit availability,,,
1,link,subtext,Not available,Not available,Not available,,,
2,link,fastify,Not available,Not available,Not available,,,
3,CVE-2020-7679,casperjs,Not available,Not available,Not available,,,
4,CVE-2020-15366,ajv,Not available,Not available,Not available,,,
5,link,fine-uploader,Not available,Not available,Not available,,,
6,CVE-2020-1911,hermes-engine,Not available,Not available,Not available,,,
7,link,jiff,not available,Not available,Not available,,,
8,link,nunjucks,not available,Not available,Not available,,,
9,CVE-2021-21368,msgpack5,not available,Not available,not available,,,
10,CVE-2020-8141,dot,Not available,Not available,Not available,,,
11,link,handlebars,Not available,Not available,Not available,,,
12,CVE-2021-20089,purl,not available,Not available,not available,,,
13,CVE-2021-23663,sey,#main#,simple JavaScript build tool with declarative and easy configuration,Unable to install the pacakage,,,
14,CVE-2021-43787,nodebb,not available,not available,not available,,,
15,link,utils-copy,#main#,copy or deep clone a value to an arbitrary depth.,problematic,,,
16,link,zrender,not available,not available,not available,,,
17,link,ioredis,public-problematic,public-problematic,public-problematic,,,
18,link,urijs,not available,not available,not available,,,
19,link,noble,,,public-problematic,,,
20,link,confidence,not available,not available,not available,,,
21,Link,domify,parse,not available,not available,,,
22,link,dustjs-linkedin,not available,not available,not available,,,
23,link,mootools-more,not available,not available,not available,,,
24,link,mongoose,public-problematic,public-problematic,public-problematic,,,