deepref,0,1
controlled-merge,0,1
shvl,0,1
changeset,5,1
y18n,0,1
ts-dot-prop,2,1
mout,0,1
just-extend,0,1
style-dictionary,5,1
prototyped.js,4,0
@aws-sdk/shared-ini-file-loader,27,1
mithril,9,1
yargs-parser,2,1
js-data,2,1
i18next,65,1
typeorm,251,1
total.js,0,1
@tsed/core,34,1
mobile-icon-resizer,1,1
mixin-pro,0,1
serialize-javascript,4,1
underscore,23,1
json-ptr,3,0
install-package,2,1
@vivaxy/here,4,0
http-live-simulator,2,0
web-node-server,2,0
angular-http-server,9,0
hostr,9,0
glob-parent,4,1
sanitize,5,1
html-dom-parser,11,5
ms,8,1
jspdf,3,1
underscore.string,6,1
simple-markdown,3,1
ua-parser-js,5,3
conventional-commits-parser,1,1
marked,10,1
codemirror,21,1
ws,21,1
browserslist,81,0
vant,186,1
