veval,0,2
modulify,0,2
value-censorship,1,2
pixl-class,1,3
node-serialize,0,4
@zhaoyao91/eval-in-vm,2,3
mosc,4,1
m-log,3,2
access-policy,4,1
safe-eval,3,3
realms-shim,3,3
mongoosemask,3,3
mobile-icon-resizer,0,8
wifiscanner,9,0
thenify,2,7
node-extend,0,9
mixin-pro,0,9
local-devices,5,7
safer-eval,5,9
mongo-parse,15,0
static-eval,14,4
mol-proto,5,15
jsen,1,20
serialize-javascript,0,22
serialize-to-js,18,5
node-rules,17,9
djv,7,25
hot-formula-parser,5,29
open,36,2
kmc,1,43
underscore,23,26
cd-messenger,39,23
is-my-json-valid,64,0
marsdb,8,58
js-yaml,41,31
json-ptr,70,15
modjs,77,35
mathjs,200,27
veval,0,2
wifiscanner,4,5
mongo-parse,0,15
