prototype,0,2
parsejson,0,3
content-type-parser,0,3
forwarded,2,2
djvalidator,4,0
trim,4,1
trim-off-newlines,1,4
tmpl,1,4
timespan,2,3
nth-check,1,4
millisecond,1,4
html-parse-stringify2,0,5
express-validators,0,5
charset,3,2
amqp-match,2,3
is-email,2,4
ducktype,5,1
email-existence,3,4
truncate,3,5
path-parse,2,6
markdown,4,4
valid-email,9,0
htmlparser,0,9
ansi-html,2,7
remove-markdown,6,4
is-url,6,4
checkit,8,2
urlregex,3,8
revalidator,1,10
no-case,6,5
semver-regex,9,3
npm-user-validate,1,11
html-parse-stringify,7,5
fresh,1,11
uri-js,11,3
platform,2,13
glob-parent,11,5
sanitize,11,6
rgb2hex,15,2
brace-expansion,7,10
locutus,5,13
ismobilejs,18,0
content,9,10
is-svg,18,2
url-regex,10,11
html-dom-parser,0,21
printf,1,22
ms,15,9
jspdf,15,9
dirty-json,23,4
mobile-detect,6,22
colors-cli,15,14
ssri,20,10
underscore.string,11,21
simple-markdown,27,7
color-string,24,11
prompts,2,34
tough-cookie,26,12
papaparse,13,26
date-and-time,39,3
string,32,11
github-url-to-object,13,31
d3-color,26,18
mime,27,19
normalize-url,40,8
sshpk,24,25
ua-parser-js,41,13
ramda,19,35
slug,37,18
minimatch,21,34
hosted-git-info,29,26
conventional-commits-parser,1,54
axios,9,46
is-my-json-valid,15,49
moment,34,37
fast-csv,32,39
markdown-it,44,30
highlight.js,89,6
natural,26,74
marked,98,11
lodash,83,31
cejs,129,0
codemirror,0,132
ws,30,115
browserslist,20,149
clean-css,129,78
postcss,56,170
ethers,227,10
three,164,80
ajv,109,238
vant,219,237
terminal-kit,488,104
react-native,548,387
