eivindfjeldstad-dot,1,1
node-ini,1,1
set-deep-prop,1,1
deep-set,2,2
grunt-util-property,2,0
ini-parser,2,2
linux-cmdline,2,1
nconf-toml,2,0
node-dig,2,1
record-like-deep-assign,2,2
sahmat,2,2
set-getter,2,1
@strikeentco/set,2,1
cached-path-relative,3,2
deep-override,3,2
flat-wrap,3,3
ion-parser,3,0
js-extend,3,3
merge-deep2,3,3
patchmerge,3,2
plain-object-merge,3,2
rdf-graph-array,3,3
safe-object2,3,3
@viking04/merge,3,2
asciitable.js,4,3
component-flatten,4,4
field,4,4
getobject,4,1
iniparserjs,4,0
merge-recursive,4,4
mergify,4,4
nestie,4,1
object-path-set,4,3
x-assign,4,4
confinit,5,3
controlled-merge,5,5
deep-get-set,5,2
deepref,5,4
dotty,5,3
@eivifj/dot,5,4
nested-object-assign,5,4
object-collider,5,1
promisehelpers,5,3
set-in,5,4
Proto,6,6
bodymen,6,5
deep-defaults,6,6
deephas,6,1
expand-hash,6,6
madlib-object-utils,6,5
merge-objects,6,6
utilitify,6,0
@cookiex/deep,7,2
extend-merge,7,6
json-schema,7,6
objtools,7,7
phpjs,7,7
tiny-conf,7,7
deap,8,4
deeply,8,6
defaults-deep,8,7
@lyngs/digger,8,3
pathval,8,4
set-object-value,8,6
connie,9,9
dset,9,4
keyget,9,1
@lyngs/merge,9,4
merge,9,3
predefine,9,9
think-config,9,1
upmerge,9,6
utils-extend,9,6
dot-notes,10,4
jsonpointer,10,4
merge-options,10,3
safe-flat,10,2
deepmergefn,11,2
js-ini,11,0
libnested,11,10
nis-utils,11,11
paypal-adaptive,11,11
shvl,11,11
arr-flatten-unflatten,12,12
confucious,12,8
deeps,12,12
flattenizer,12,7
json-pointer,12,5
json8-merge-patch,12,5
lutils-merge,12,9
mootools,12,12
@brikcss/merge,13,5
changeset,13,11
extend,13,8
mixin-deep,13,9
querymen,13,12
undefsafe,13,7
set-or-get,14,13
supermixer,14,8
assign-deep,15,12
just-safe-set,15,7
property-expr,15,12
merge-deep,16,4
safe-obj,16,7
ts-nodash,16,15
aurelia-path,17,14
locutus,17,10
nested-property,17,15
mpath,18,8
copy-props,19,15
@ianwalter/merge,19,19
ini,19,0
inireader,20,0
multi-ini,20,0
deep-extend,21,18
dot-prop,21,13
y18n,22,12
mout,23,20
properties-reader,23,0
smart-extend,23,10
ts-dot-prop,23,7
node.extend,24,20
set-value,24,18
minimist,25,20
flat,26,20
object-path,27,0
think-helper,27,26
doc-path,28,19
lutils,28,25
nodee-utils,29,27
class-transformer,31,19
merge-change,33,33
worksmith,33,33
keyd,34,27
jointjs,35,28
just-extend,35,9
putil-merge,36,20
safetydance,37,24
style-dictionary,38,26
decal,39,39
dot-object,39,31
rfc6902,40,34
prototyped.js,41,0
vega-util,41,4
101,43,11
Templ8,44,15
@aws-sdk/shared-ini-file-loader,45,45
fast-json-patch,45,10
objutil,45,44
@fabiocaccamo/utils.js,46,15
objnest,48,27
node-oojs,50,29
jquery,53,0
simpl-schema,56,20
@fluentui/styles,57,23
convict,60,54
mithril,65,28
mquery,70,49
json-ptr,73,19
gedi,74,49
gammautils,77,29
getsetdeep,77,77
bmoor,80,51
yargs-parser,80,51
sds,93,25
nedb,95,72
algoliasearch-helper,107,53
lodash,114,45
hoek,115,104
node-forge,129,120
js-data,144,0
immer,149,0
objection,191,0
ioredis,202,0
swiper,202,0
mathjs,221,0
jest,298,0
i18next,354,0
@uifabric/utilities,370,0
typeorm,463,0
@tsed/core,694,0
total.js,732,0
@firebase/util,2261,0
